Tweet,Category
"Here's a good rundown of how coronavirus is affecting agriculture and food distribution, ICYMI.

#coronavirus #economy https://t.co/H07NGkUKcC",Advice
"If you are trapped with an abuser during social isolation, find resources on how to get help here: https://t.co/9j9wAQ4oJH. #COVID19 #Coronavirus @Gothamist",Advice
Coronavirus: Half of all confirmed cases worldwide are now in Europe #Coronavirus https://t.co/nG3Hht13Hf,News coverage
@barbarafriesen I was telling friends &amp; family to wear masks 3 weeks ago and these top doctors were essentially saying I was a quack. Now one of them has #coronavirus. You damn right I‚Äôll call them out on this screwup.,Blame
Keeping Your Employees and Customers Safe. Learn more about our #Coronavirus Disinfection Services here: https://t.co/seS7flf7P7 https://t.co/CwUuXpeoeo,Advice
"Help the NHS understand how COVID-19 is affecting people by sharing its #Coronavirus survey with the public. The answers will help the NHS plan its response to coronavirus:
https://t.co/BIWbVhWzI2 https://t.co/76rXALqbA3",Request for help
Paid search ad copy strategies during coronavirus https://t.co/gsXZKnnGNJ via @sengineland #PPC #crisismarketing #coronavirus,Spam
Check out some of my thoughts on the exciting scale of #collaboration in the #coronavirus response. Hoping we can sustain this momentum and see changes to product development moving forward. https://t.co/mwQ21j7Axs,Self-promotion
"New! ""Shoddy Karate &amp; A Natural Hottie""  A bunch of guys with pillowcases on their head

üéß https://t.co/zt0VynjSKX
üåê https://t.co/TgUrRb1zxa

#thetragedyacademy #podernfamily #podcast #podcasts #memes #covid19 #covid_19 #coronavirus #stayathome #socialdistancing #quarantinelife https://t.co/YgKx8NGWkt",Humour
People line up for free ration amid #lockdown imposed to curb spread of #coronavirus #Delhi https://t.co/oYqn96lsz2,News coverage
"To deal with the spread and diagnosis of #coronavirus, #techcompanies and #governments around the #world are working in #collaboration to use #ArtificialIntelligence -based solutions to contain and mitigate its further transmission. https://t.co/ZRNoTQ14Kl",News coverage
"130 crore Citizens are united under the PM @narendramodi in India's fight against #CoronaVirus.

I bow down to thank all the #CoronaWarriors for their selfless service in these critical moments.

We will emerge victorious and grow stronger.

Jai Hind üáÆüá≥

#ThankYouCoronaWarriors https://t.co/UfO5ptoM15",Appreciation
Day 21 of Quarantine.... Damn it‚Äôs really been 3 weeks sheeesshhh...I‚Äôve left the house at least 6 times.... #Rough #CoronaVirus,Humour
Honest Government Ad | Coronavirus: Flatten The Curve https://t.co/B92a8EWPly via @YouTube #coronavirus #humor #jokes,Humour
"Navigating the #coronavirus and the worry can be difficult for adults, even more-so for kids. So how do you discuss the issues at hand? Find some advice here: https://t.co/Dp4jl9sX1F #family https://t.co/htytr9ato1",Advice
Hey look up in the sky it's a bird it's a plane wait it's the #coronavirus #5g https://t.co/oJfjAijZYl,Humour
"Fighting the #coronavirus with computers and @foldingathome
https://t.co/we90K3lGcz",News coverage
Many COVID-19 Patients Test Positive for Virus After Symptoms Resolve https://t.co/stjGQsclzy #covid19 #pandemic #coronavirus https://t.co/v3hasvybLn,News coverage
New Research Out of Germany Hints At a New Normal for The Event Industry via #EventMB https://t.co/DMmYeLzLEJ #eventprofs #tradeshows #coronavirus #events,News coverage
"Quote of the Dayüíö
#quotes 
#coronavirus 
#StayHome https://t.co/MBdlOVNYAe",Humour
The earth is healing #beauty this is pure beauty! #COVID„Éº19 #coronavirus https://t.co/KedyZaboXl,News coverage
Just hoping sports return in time for #Baylor football season. @bufootball @baylorathletics #SicEm #Football #Coronavirus #Covid19 #Sports https://t.co/ciwhAr6gSo,?
Thank you to our healthcare workers! #WednesdayWisdom #WednesdayThoughts #WednesdayMotivation #coronavirus #StayHome https://t.co/FL2nRPQRxV,Appreciation
"How the Influencer Marketing Industry is Reacting to Coronavirus https://t.co/mNmOBwiSzx @talkinfluence 

#InfluencerMarketing #coronavirus https://t.co/8TtFYY7dFQ",News coverage